Posto_key;POSTOID;key;Provincia_first;Distrito_first;Posto_first;Posto_first.y;water3;N.Surface;P.Surface
Zumbu;51301;Tete Zumbo Zumbo;Tete;Zumbo;Zumbo;Zumbo;Surface water;1007;42,3
Zulo;91103;Gaza Massingir Zulo;Gaza;Massingir;Zulo;Zulo;Surface water;687;53,7
Zongoene-Sede;91203;Gaza Limpopo Zongoene-Sede;Gaza;Limpopo;Zongoene-Sede;Zongoene-Sede;Surface water;50;2,6
Zóbue;51003;Tete Moatize Zobue;Tete;Moatize;Zobue;Zobue;Surface water;1935;18,2
Zitundo;100605;Maputo Provincia Matutuine Zitundo;Maputo Provincia;Matutuine;Zitundo;Zitundo;Surface water;23;2,6
Zinave;80803;Inhambane Mabote Zinave;Inhambane;Mabote;Zinave;Zinave;Surface water;621;36,4
Zimane;80802;Inhambane Mabote Zimane;Inhambane;Mabote;Zimane;Zimane;Surface water;234;27,6
Zembe;61102;Manica Macate Zembe;Manica;Macate;Zembe;Zembe;Surface water;292;12,8
Zandamela;81402;Inhambane Zavala Zandamela;Inhambane;Zavala;Zandamela;Zandamela;Surface water;264;4,3
Zambue;51303;Tete Zumbo Zambue;Tete;Zumbo;Zambue;Zambue;Surface water;120;5,8
Xinavane;100405;Maputo Provincia Manhi.a Xinavane;Maputo Provincia;Manhi.a;Xinavane;Xinavane;Surface water;227;7,4
Xilembene;90604;Gaza Chokwe Xilembene;Gaza;Chokwe;Xilembene;Xilembene;Surface water;402;6,1
Vunduzi;70803;Sofala Gorongosa Vunduzi;Sofala;Gorongosa;Vunduzi;Vunduzi;Surface water;1731;37
Vilankulo;81301;Inhambane Vilankulo Vilankulo;Inhambane;Vilankulo;Vilankulo;Vilankulo;Surface water;194;2,2
Vila da Macia;90201;Gaza Bilene Municipio da Macia;Gaza;Bilene;Municipio da Macia;NA;Surface water;0;0
Vila Caniçado;90701;Gaza Guija Vila Cani.ado;Gaza;Guija;Vila Cani.ado;Vila Cani.ado;Surface water;5;0,6
Vanduzi;61201;Manica Vanduzi Vanduzi;Manica;Vanduzi;Vanduzi;Vanduzi;Surface water;597;7,3
Urrene;81203;Inhambane Panda Urrene;Inhambane;Panda;Urrene;Urrene;Surface water;9;1,6
Urbano_5;70105;Sofala Cidade da Beira Urbano 5;Sofala;Cidade da Beira;Urbano 5;Urbano 5;Surface water;5;0,3
Urbano_4;70104;Sofala Cidade da Beira Urbano 4;Sofala;Cidade da Beira;Urbano 4;NA;Surface water;0;0
Urbano_3;70103;Sofala Cidade da Beira Urbano 3;Sofala;Cidade da Beira;Urbano 3;Urbano 3;Surface water;10;0,1
Urbano_2;70102;Sofala Cidade da Beira Urbano 2;Sofala;Cidade da Beira;Urbano 2;NA;Surface water;0;0
Urbano_1;70101;Sofala Cidade da Beira Urbano 1;Sofala;Cidade da Beira;Urbano 1;Urbano 1;Surface water;5;0
Urbano N°3;60103;Manica Chimoio Urbano N.3;Manica;Chimoio;Urbano N.3;NA;Surface water;0;0
Urbano N°2;60102;Manica Chimoio Urbano N.2;Manica;Chimoio;Urbano N.2;NA;Surface water;0;0
Urbano N°1;60101;Manica Chimoio Urbano N.1;Manica;Chimoio;Urbano N.1;Urbano N.1;Surface water;16;0,2
Urbano Central;30101;Nampula Nampula Urbano Central;Nampula;Nampula;Urbano Central;NA;Surface water;0;0
Urbano 5;40105;Zambezia Cidade de Quelimane Urbano 05;Zambezia;Cidade de Quelimane;Urbano 05;NA;Surface water;0;0
Urbano 4;40104;Zambezia Cidade de Quelimane Urbano 04;Zambezia;Cidade de Quelimane;Urbano 04;NA;Surface water;0;0
Urbano 3;40103;Zambezia Cidade de Quelimane Urbano 03;Zambezia;Cidade de Quelimane;Urbano 03;NA;Surface water;0;0
Urbano 2;40102;Zambezia Cidade de Quelimane Urbano 02;Zambezia;Cidade de Quelimane;Urbano 02;NA;Surface water;0;0
Urbano 1;40101;Zambezia Cidade de Quelimane Urbano 01;Zambezia;Cidade de Quelimane;Urbano 01;NA;Surface water;0;0
Unango;11601;Niassa Sanga Unango;Niassa;Sanga;Unango;Unango;Surface water;187;7,1
Ulóngue;50201;Tete Ang.nia Ulongo.;Tete;Ang.nia;Ulongo.;Ulongo.;Surface water;1046;4,8
Tsangano;51202;Tete Tsangano Tsangano;Tete;Tsangano;Tsangano;Tsangano;Surface water;500;7,1
Tome;80202;Inhambane Funhalouro Tome;Inhambane;Funhalouro;Tome;Tome;Surface water;153;11,7
Tica;71302;Sofala Nhamatanda Tica;Sofala;Nhamatanda;Tica;Tica;Surface water;388;4,4
Tchaimite;90303;Gaza Chibuto Tchaimite;Gaza;Chibuto;Tchaimite;Tchaimite;Surface water;868;25
Tacuane;40802;Zambezia Lugela Tacuane;Zambezia;Lugela;Tacuane;Tacuane;Surface water;159;6,9
Sussundenga-Sede;60901;Manica Sussundenga Sussundenga-Sede;Manica;Sussundenga;Sussundenga-Sede;Sussundenga-Sede;Surface water;978;17,5
Subue;71003;Sofala Maringue Subue;Sofala;Maringue;Subue;Subue;Surface water;68;3,5
Songo;50301;Tete Cahora-Bassa Songo;Tete;Cahora-Bassa;Songo;Songo;Surface water;105;2,1
Socone;40603;Zambezia Ile Socone;Zambezia;Ile;Socone;Socone;Surface water;171;3,9
Sena;70303;Sofala Caia Sena;Sofala;Caia;Sena;Sena;Surface water;324;7,2
Save2;80302;Inhambane Govuro Save;Inhambane;Govuro;Save;Save;Surface water;235;35,2
Save;60502;Manica Machaze Save;Manica;Machaze;Save;Save;Surface water;1740;51
Savane;70703;Sofala Dondo Savane;Sofala;Dondo;Savane;Savane;Surface water;55;3
Saua-Saua;31903;Nampula Nacaroa Saua-Saua;Nampula;Nacaroa;Saua-Saua;Saua-Saua;Surface water;334;12,5
Sanjala;10101;Niassa Lichinga Sanjala;Niassa;Lichinga;Sanjala;Sanjala;Surface water;126;1,3
Samora Machel;41901;Zambezia Luabo Samora Machel;Zambezia;Luabo;Samora Machel;Samora Machel;Surface water;1656;51,3
Sabie;100704;Maputo Provincia Moamba Sabie;Maputo Provincia;Moamba;Sabie;Sabie;Surface water;874;47,6
Rotanda;60904;Manica Sussundenga Rotanda;Manica;Sussundenga;Rotanda;Rotanda;Surface water;462;29,8
Ribáuè;32101;Nampula Rib.u. Rib.u.;Nampula;Rib.u.;Rib.u.;Rib.u.;Surface water;1111;21,5
Ressano Garcia;100703;Maputo Provincia Moamba Ressano Garcia;Maputo Provincia;Moamba;Ressano Garcia;Ressano Garcia;Surface water;183;13,5
Regone;41502;Zambezia Namarroi Regone;Zambezia;Namarroi;Regone;Regone;Surface water;396;8,4
Rapale;32001;Nampula Rapale Rapale;Nampula;Rapale;Rapale;Rapale;Surface water;597;8,9
Quixaxe;31002;Nampula Mogincual Quixaxe;Nampula;Mogincual;Quixaxe;Quixaxe;Surface water;268;8,4
Quiterajo;20604;Cabo Delgado Macomia Quiterajo;Cabo Delgado;Macomia;Quiterajo;Quiterajo;Surface water;42;3,2
Quissico;81401;Inhambane Zavala Quissico;Inhambane;Zavala;Quissico;Quissico;Surface water;72;1,2
Quissanga;21701;Cabo Delgado Quissanga Quissanga;Cabo Delgado;Quissanga;Quissanga;NA;Surface water;0;0
Quirimba;20502;Cabo Delgado Ibo Quirimba;Cabo Delgado;Ibo;Quirimba;NA;Surface water;0;0
Quionga;21504;Cabo Delgado Palma Quionga;Cabo Delgado;Palma;Quionga;Quionga;Surface water;135;17,2
Quinga;32302;Nampula Liupo Quinga;Nampula;Liupo;Quinga;Quinga;Surface water;119;2,3
Pundanhar;21503;Cabo Delgado Palma Pundanhar;Cabo Delgado;Palma;Pundanhar;Pundanhar;Surface water;83;19,6
Praia;90104;Gaza Xai-Xai Praia;Gaza;Xai-Xai;Praia;Praia;Surface water;4;0,4
Pessene;100702;Maputo Provincia Moamba Pessene;Maputo Provincia;Moamba;Pessene;Pessene;Surface water;62;1,8
Pembe;80402;Inhambane Homoine Pembe;Inhambane;Homoine;Pembe;Pembe;Surface water;58;3,8
Pebane-Sede;41701;Zambezia Pebane Pebane-Sede;Zambezia;Pebane;Pebane-Sede;Pebane-Sede;Surface water;84;1,1
Patrice Lumumba;90103;Gaza Xai-Xai Patrice Lumumba;Gaza;Xai-Xai;Patrice Lumumba;Patrice Lumumba;Surface water;1;0
Papai;21306;Cabo Delgado Namuno Papai;Cabo Delgado;Namuno;Papai;Papai;Surface water;334;20,5
Panjane;100305;Maputo Provincia Magude Panjane;Maputo Provincia;Magude;Panjane;Panjane;Surface water;132;33
Panda;81201;Inhambane Panda Panda;Inhambane;Panda;Panda;Panda;Surface water;44;1,3
Palma;21501;Cabo Delgado Palma Palma;Cabo Delgado;Palma;Palma;Palma;Surface water;61;1,5
Pafuri;90403;Gaza Chicualacuala Pafuri;Gaza;Chicualacuala;Pafuri;Pafuri;Surface water;225;37,5
Olumbe;21502;Cabo Delgado Palma Olumbe;Cabo Delgado;Palma;Olumbe;Olumbe;Surface water;79;5,6
Ocua;20406;Cabo Delgado Chiure Ocua;Cabo Delgado;Chiure;Ocua;Ocua;Surface water;1527;25,9
Nungo;10703;Niassa Marrupa Nungo;Niassa;Marrupa;Nungo;Nungo;Surface water;161;17,8
Ntlhavene;90803;Gaza Mabalane Ntlhavene;Gaza;Mabalane;Ntlhavene;Ntlhavene;Surface water;775;74,4
Ntengo-Wa-Mbalame;51201;Tete Tsangano Ntengo-Wambalame;Tete;Tsangano;Ntengo-Wambalame;Ntengo-Wambalame;Surface water;939;6,5
Ntamba;21402;Cabo Delgado Nangade Ntamba;Cabo Delgado;Nangade;Ntamba;Ntamba;Surface water;583;15,5
Nova Sofala;70203;Sofala Buzi Nova Sofala;Sofala;Buzi;Nova Sofala;Nova Sofala;Surface water;28;1
Nova Mambone;80301;Inhambane Govuro Nova Mambone;Inhambane;Govuro;Nova Mambone;Nova Mambone;Surface water;276;9,4
Nipepe-Sede;11501;Niassa Nipepe Nipepe-Sede;Niassa;Nipepe;Nipepe-Sede;Nipepe-Sede;Surface water;508;15,8
Nihessiue;31603;Nampula Murrupula Nihessiue;Nampula;Murrupula;Nihessiue;Nihessiue;Surface water;601;15,9
Nicoadala-Sede;41601;Zambezia Nicoadala Nicoadala-Sede;Zambezia;Nicoadala;Nicoadala-Sede;Nicoadala-Sede;Surface water;109;1,1
Nhampassa;60203;Manica Barue Nhampassa;Manica;Barue;Nhampassa;Nhampassa;Surface water;299;6,3
Nhamayabwe;51101;Tete Mutarara Nhamayabue;Tete;Mutarara;Nhamayabue;Nhamayabue;Surface water;581;10,3
Nhamatanda;71301;Sofala Nhamatanda Nhamatanda;Sofala;Nhamatanda;Nhamatanda;Nhamatanda;Surface water;1992;10,3
Nhamassonge;60405;Manica Guro Nhamassonge;Manica;Guro;Nhamassonge;Nhamassonge;Surface water;218;18,6
Nhamagua;60603;Manica Macossa Nhamagua;Manica;Macossa;Nhamagua;Nhamagua;Surface water;285;12,2
Nhacolo;61001;Manica Tambara Nhacolo;Manica;Tambara;Nhacolo;Nhacolo;Surface water;257;8,2
Nhacafula;61003;Manica Tambara Nhacafula;Manica;Tambara;Nhacafula;Nhacafula;Surface water;48;5,2
Nguzene;91303;Gaza Chongoene Nguzene;Gaza;Chongoene;Nguzene;NA;Surface water;0;0
Nguawala;60602;Manica Macossa Nguawala;Manica;Macossa;Nguawala;Nguawala;Surface water;397;86,5
N'gapa;21105;Cabo Delgado Mueda N'gapa;Cabo Delgado;Mueda;N'gapa;N'gapa;Surface water;882;20,4
Netia;31303;Nampula Monapo Netia;Nampula;Monapo;Netia;Netia;Surface water;1594;10,9
Negomano;21104;Cabo Delgado Mueda Negomano;Cabo Delgado;Mueda;Negomano;Negomano;Surface water;203;55,3
Ndindiza;90502;Gaza Chigubo Ndindiza;Gaza;Chigubo;Ndindiza;Ndindiza;Surface water;627;39,8
Ncumpe;21305;Cabo Delgado Namuno Ncumpe;Cabo Delgado;Namuno;Ncumpe;Ncumpe;Surface water;60;1,5
Nauela;40202;Zambezia Alto Molocue Nauela;Zambezia;Alto Molocue;Nauela;Nauela;Surface water;1438;15,8
Natikire;30106;Nampula Nampula Natikire;Nampula;Nampula;Natikire;Natikire;Surface water;315;3
Napipine;30105;Nampula Nampula Napipine;Nampula;Nampula;Napipine;Napipine;Surface water;70;0,8
Nao Aplicavel 9;110299;Cidade de Maputo Nhlamankulu Nao Aplicavel;Cidade de Maputo;Nhlamankulu;Nao Aplicavel;NA;Surface water;0;0
Nao Aplicavel 8;110699;Cidade de Maputo Ka Tembe Nao Aplicavel;Cidade de Maputo;Ka Tembe;Nao Aplicavel;NA;Surface water;0;0
Nao Aplicavel 7;110799;Cidade de Maputo Ka Nyaka Nao Aplicavel;Cidade de Maputo;Ka Nyaka;Nao Aplicavel;NA;Surface water;0;0
Nao Aplicavel 6;110599;Cidade de Maputo Ka Mubukwana Nao Aplicavel;Cidade de Maputo;Ka Mubukwana;Nao Aplicavel;Nao Aplicavel;Surface water;32;0,1
Nao Aplicavel 5;110199;Cidade de Maputo Ka Mpfumo Nao Aplicavel;Cidade de Maputo;Ka Mpfumo;Nao Aplicavel;Nao Aplicavel;Surface water;23;0,3
Nao Aplicavel 4;110399;Cidade de Maputo Ka Maxakeni Nao Aplicavel;Cidade de Maputo;Ka Maxakeni;Nao Aplicavel;NA;Surface water;0;0
Nao Aplicavel 3;110499;Cidade de Maputo Ka Mavota Nao Aplicavel;Cidade de Maputo;Ka Mavota;Nao Aplicavel;NA;Surface water;0;0
Nao Aplicavel 2;81099;Inhambane Cidade de Maxixe Nao aplicavel;Inhambane;Cidade de Maxixe;Nao aplicavel;NA;Surface water;0;0
Nao Aplicavel 10;20199;Cabo Delgado Cidade de Pemba Nao Aplicavel;Cabo Delgado;Cidade de Pemba;Nao Aplicavel;Nao Aplicavel;Surface water;13;0,1
Nao Aplicavel 1;80199;Inhambane Cidade de Inhambane Nao Aplicavel;Inhambane;Cidade de Inhambane;Nao Aplicavel;Nao Aplicavel;Surface water;16;0,2
Não Aplicavel;50199;Tete Cidade de Tete N.o Aplicavel;Tete;Cidade de Tete;N.o Aplicavel;N.o Aplicavel;Surface water;824;2,7
Nante;40904;Zambezia Maganja da Costa Nante;Zambezia;Maganja da Costa;Nante;Nante;Surface water;99;1,9
Nanhupo Rio;31105;Nampula Mogovolas Nanhupo Rio;Nampula;Mogovolas;Nanhupo Rio;Nanhupo Rio;Surface water;150;3,1
Nangade-Sede;21401;Cabo Delgado Nangade Nangade-Sede;Cabo Delgado;Nangade;Nangade-Sede;Nangade-Sede;Surface water;564;10,5
Namuno-Sede;21301;Cabo Delgado Namuno Namuno-Sede;Cabo Delgado;Namuno;Namuno-Sede;Namuno-Sede;Surface water;597;5,8
Namogelia;20405;Cabo Delgado Chiure Namogelia;Cabo Delgado;Chiure;Namogelia;Namogelia;Surface water;1063;28,6
Namiroa;30303;Nampula Erati Namiroa;Nampula;Erati;Namiroa;Namiroa;Surface water;301;3,9
Naminge;31001;Nampula Mogincual Naminge;Nampula;Mogincual;Naminge;Naminge;Surface water;343;5,1
Namina;30804;Nampula Mecuburi Namina;Nampula;Mecuburi;Namina;Namina;Surface water;809;17,5
Namicundi;11201;Niassa Metarica Namicundi;Niassa;Metarica;Namicundi;Namicundi;Surface water;422;13,8
Namicopo;30104;Nampula Nampula Namicopo;Nampula;Nampula;Namicopo;Namicopo;Surface water;94;1,5
Namialo;30703;Nampula Meconta Namialo;Nampula;Meconta;Namialo;Namialo;Surface water;97;1,3
Nametil;31101;Nampula Mogovolas Nametil;Nampula;Mogovolas;Nametil;Nametil;Surface water;76;5,8
Namarroi;41501;Zambezia Namarroi Namarroi;Zambezia;Namarroi;Namarroi;Namarroi;Surface water;138;1,5
Namaponda;30203;Nampula Angoche Namaponda;Nampula;Angoche;Namaponda;Namaponda;Surface water;87;1,6
Namapa;30301;Nampula Erati Namapa;Nampula;Erati;Namapa;Namapa;Surface water;2321;16,6
Namanjavira;41103;Zambezia Mocuba Namanjavira;Zambezia;Mocuba;Namanjavira;Namanjavira;Surface water;840;12,1
Namanhumbir;21005;Cabo Delgado Montepuez Namanhumbir;Cabo Delgado;Montepuez;Namanhumbir;Namanhumbir;Surface water;3;0,1
Namaita;32004;Nampula Rapale Namaita;Nampula;Rapale;Namaita;Namaita;Surface water;1427;18,6
Namacurra-Sede;41401;Zambezia Namacurra Namacurra-Sede;Zambezia;Namacurra;Namacurra-Sede;Namacurra-Sede;Surface water;19;0,2
Namaacha;100801;Maputo Provincia Namaacha Namaacha;Maputo Provincia;Namaacha;Namaacha;Namaacha;Surface water;418;28,2
Nalazi;90704;Gaza Guija Nalazi;Gaza;Guija;Nalazi;Nalazi;Surface water;499;37,5
Nairrubi;10503;Niassa Majune Nairrubi;Niassa;Majune;Nairrubi;Nairrubi;Surface water;5;1,1
Nairoto;21004;Cabo Delgado Montepuez Nairoto;Cabo Delgado;Montepuez;Nairoto;Nairoto;Surface water;210;20,3
Nacumua;11202;Niassa Metarica Nacumua;Niassa;Metarica;Nacumua;Nacumua;Surface water;488;34,2
Nacaroa;31901;Nampula Nacaroa Nacaroa;Nampula;Nacaroa;Nacaroa;Nacaroa;Surface water;759;10,8
Nacala-A-Velha;31801;Nampula Nacala-A-Velha Nacala-A-Velha;Nampula;Nacala-A-Velha;Nacala-A-Velha;Nacala-A-Velha;Surface water;390;6,9
Naburi;41703;Zambezia Pebane Naburi;Zambezia;Pebane;Naburi;Naburi;Surface water;360;6
N’sadzu;50503;Tete Chifunde Nsadzo;Tete;Chifunde;Nsadzo;Nsadzo;Surface water;840;23,2
Mwaladzi;50502;Tete Chifunde Mualadzi;Tete;Chifunde;Mualadzi;Mualadzi;Surface water;3741;35,8
Muze;51302;Tete Zumbo Muze;Tete;Zumbo;Muze;Muze;Surface water;1125;29,4
Muxungue;70603;Sofala Chibabava Muxungue;Sofala;Chibabava;Muxungue;Muxungue;Surface water;1847;22,4
Mutuali;30603;Nampula Malema Mutuali;Nampula;Malema;Mutuali;Mutuali;Surface water;2120;31,2
Mutivaze;32003;Nampula Rapale Mutivaze;Nampula;Rapale;Mutivaze;Mutivaze;Surface water;212;8,7
Mutiva;31701;Nampula Nacala Porto Mutiva;Nampula;Nacala Porto;Mutiva;Mutiva;Surface water;160;0,7
Murrupula;31601;Nampula Murrupula Murrupula;Nampula;Murrupula;Murrupula;Murrupula;Surface water;3309;25,3
Murrebue;20702;Cabo Delgado Mecufi Murrebue;Cabo Delgado;Mecufi;Murrebue;NA;Surface water;0;0
Murraca;70302;Sofala Caia Murraca;Sofala;Caia;Murraca;Murraca;Surface water;5;0,2
Muoha;60903;Manica Sussundenga Muoha;Manica;Sussundenga;Muoha;Muoha;Surface water;889;34,6
Municipio de Manica;60701;Manica Manica Municipio de Manica;Manica;Manica;Municipio de Manica;Municipio de Manica;Surface water;20;0,3
Municipio da Praia de Bilene;90205;Gaza Bilene Municipio da Praia de Bilene;Gaza;Bilene;Municipio da Praia de Bilene;Municipio da Praia de Bilene;Surface water;15;1,3
Municipal-Sede;90101;Gaza Xai-Xai Municipal-Sede;Gaza;Xai-Xai;Municipal-Sede;Municipal-Sede;Surface water;124;2,9
Munhamade;40803;Zambezia Lugela Munhamade;Zambezia;Lugela;Munhamade;Munhamade;Surface water;1519;21,2
Mungari;60404;Manica Guro Mungari;Manica;Guro;Mungari;Mungari;Surface water;284;15,2
Muluco;11502;Niassa Nipepe Muluco;Niassa;Nipepe;Muluco;Muluco;Surface water;231;17,2
Mulima;70403;Sofala Chemba Mulima;Sofala;Chemba;Mulima;Mulima;Surface water;47;1,5
Mulela (Mualama);41702;Zambezia Pebane Mulela (Mualama);Zambezia;Pebane;Mulela (Mualama);Mulela (Mualama);Surface water;180;2,5
Muite;30803;Nampula Mecuburi Muite;Nampula;Mecuburi;Muite;Muite;Surface water;1211;29,7
Muhala;30103;Nampula Nampula Muhala;Nampula;Nampula;Muhala;Muhala;Surface water;243;1,1
Mugeba;41102;Zambezia Mocuba Mugeba;Zambezia;Mocuba;Mugeba;Mugeba;Surface water;906;7,9
Mufa Boroma;51502;Tete Marara Mufa Boroma;Tete;Marara;Mufa Boroma;Mufa Boroma;Surface water;132;5,2
Muembe;11301;Niassa Muembe Muembe;Niassa;Muembe;Muembe;Muembe;Surface water;162;5,2
Mueda-Sede;21101;Cabo Delgado Mueda Mueda-Sede;Cabo Delgado;Mueda;Mueda-Sede;Mueda-Sede;Surface water;68;0,9
Muecate-Sede;31501;Nampula Muecate Muecate-Sede;Nampula;Muecate;Muecate-Sede;Muecate-Sede;Surface water;227;12,1
Mucupia;40701;Zambezia Inhassunge Mucupia;Zambezia;Inhassunge;Mucupia;NA;Surface water;0;0
Mucumbura;50803;Tete Magoe Mucumbura;Tete;Magoe;Mucumbura;Mucumbura;Surface water;568;15,1
Mucumbi;80502;Inhambane Inharrime Mucumbi;Inhambane;Inharrime;Mucumbi;NA;Surface water;0;0
Mucuali;32202;Nampula Larde Mucuali;Nampula;Larde;Mucuali;Mucuali;Surface water;153;3,9
Mucoluane;31503;Nampula Muecate Mucoluane;Nampula;Muecate;Mucoluane;Mucoluane;Surface water;252;14,4
Mucojo;20603;Cabo Delgado Macomia Mucojo;Cabo Delgado;Macomia;Mucojo;Mucojo;Surface water;70;1,9
Mubangoene;90703;Gaza Guija Mubangoene;Gaza;Guija;Mubangoene;Mubangoene;Surface water;143;4,2
Muatua;31104;Nampula Mogovolas Muatua;Nampula;Mogovolas;Muatua;Muatua;Surface water;204;4,3
Muatala;30102;Nampula Nampula Muatala;Nampula;Nampula;Muatala;Muatala;Surface water;84;0,6
Muaquia;10502;Niassa Majune Muaquia;Niassa;Majune;Muaquia;Muaquia;Surface water;26;8,8
Muanza;71201;Sofala Muanza Muanza;Sofala;Muanza;Muanza;Muanza;Surface water;123;16
Muanona;31703;Nampula Nacala Porto Muanona;Nampula;Nacala Porto;Muanona;Muanona;Surface water;217;4,7
Muambula;21201;Cabo Delgado Muidumbe Muambula;Cabo Delgado;Muidumbe;Muambula;Muambula;Surface water;584;14,6
Muaguide;20802;Cabo Delgado Meluco Muaguide;Cabo Delgado;Meluco;Muaguide;Muaguide;Surface water;134;9,9
Muabanama;40804;Zambezia Lugela Muabanama;Zambezia;Lugela;Muabanama;Muabanama;Surface water;363;14,2
Msawize;10902;Niassa Mavago Msawize;Niassa;Mavago;Msawize;Msawize;Surface water;97;16,4
Mphende;50801;Tete Magoe Mphende;Tete;Magoe;Mphende;Mphende;Surface water;643;30
Motaze;100303;Maputo Provincia Magude Motaze;Maputo Provincia;Magude;Motaze;Motaze;Surface water;961;97,5
Mossuril-Sede;31401;Nampula Mossuril Mossuril-Sede;Nampula;Mossuril;Mossuril-Sede;Mossuril-Sede;Surface water;218;2,7
Morrumbene;81101;Inhambane Morrumbene Morrumbene;Inhambane;Morrumbene;Morrumbene;Morrumbene;Surface water;567;6,7
Morrumbala-Sede;41301;Zambezia Morrumbala Morrumbala-Sede;Zambezia;Morrumbala;Morrumbala-Sede;Morrumbala-Sede;Surface water;1662;7,9
Mopeia;41201;Zambezia Mopeia Mopeia;Zambezia;Mopeia;Mopeia;Mopeia;Surface water;1249;13,2
Montepuéz;21001;Cabo Delgado Montepuez Cidade de Montepuez;Cabo Delgado;Montepuez;Cidade de Montepuez;Cidade de Montepuez;Surface water;119;1
Mongue;41004;Zambezia Milange Mongue;Zambezia;Milange;Mongue;Mongue;Surface water;2602;18,7
Monapo-Sede;31301;Nampula Monapo Monapo-Sede;Nampula;Monapo;Monapo-Sede;Monapo-Sede;Surface water;1390;8,8
Molumbo-Sede;42101;Zambezia Molumbo Molumbo-Sede;Zambezia;Molumbo;Molumbo-Sede;Molumbo-Sede;Surface water;2850;17,3
Mocubela;42001;Zambezia Mocubela Mocubela;Zambezia;Mocubela;Mocubela;Mocubela;Surface water;170;4,4
Mocoduene;81102;Inhambane Morrumbene Mocoduene;Inhambane;Morrumbene;Mocoduene;Mocoduene;Surface water;615;12,4
Mocímboa da Praia-Sede;20901;Cabo Delgado Mocimboa da Praia Mocimboa da Praia-Sede;Cabo Delgado;Mocimboa da Praia;Mocimboa da Praia-Sede;Mocimboa da Praia-Sede;Surface water;100;1,1
Moatize;51001;Tete Moatize Moatize;Tete;Moatize;Moatize;Moatize;Surface water;2249;20,4
Moamba-Sede;100701;Maputo Provincia Moamba Moamba-Sede;Maputo Provincia;Moamba;Moamba-Sede;Moamba-Sede;Surface water;298;12,7
Miteda;21203;Cabo Delgado Muidumbe Miteda;Cabo Delgado;Muidumbe;Miteda;Miteda;Surface water;237;8,1
Mitande;10602;Niassa Mandimba Mitande;Niassa;Mandimba;Mitande;Mitande;Surface water;785;14,2
Mirate-Sede;21003;Cabo Delgado Montepuez Mirate-Sede;Cabo Delgado;Montepuez;Mirate-Sede;Mirate-Sede;Surface water;144;2,8
Milhana;30802;Nampula Mecuburi Milhana;Nampula;Mecuburi;Milhana;Milhana;Surface water;203;8,7
Milange-Sede;41001;Zambezia Milange Milange-Sede;Zambezia;Milange;Milange-Sede;Milange-Sede;Surface water;4735;12,8
Mieze;21602;Cabo Delgado Metuge Mieze;Cabo Delgado;Metuge;Mieze;Mieze;Surface water;79;1,7
Micaune;40303;Zambezia Chinde Micaune;Zambezia;Chinde;Micaune;Micaune;Surface water;82;2,4
Meza;20203;Cabo Delgado Ancuabe Meza;Cabo Delgado;Ancuabe;Meza;Meza;Surface water;56;1,3
Metuge-Sede;21601;Cabo Delgado Metuge Metuge-Sede;Cabo Delgado;Metuge;Metuge-Sede;Metuge-Sede;Surface water;102;2,4
Metoro;20202;Cabo Delgado Ancuabe Metoro;Cabo Delgado;Ancuabe;Metoro;Metoro;Surface water;928;17,2
Meti;30502;Nampula Lalaua Meti;Nampula;Lalaua;Meti;Meti;Surface water;755;30,4
Metangula;10301;Niassa Lago Metangula;Niassa;Lago;Metangula;Metangula;Surface water;378;21,8
Messica;60703;Manica Manica Messica;Manica;Manica;Messica;Messica;Surface water;431;6,6
Messano;90204;Gaza Bilene Messano;Gaza;Bilene;Messano;Messano;Surface water;76;3,2
Mepuagiua;40503;Zambezia Gurue Mepuagiua;Zambezia;Gurue;Mepuagiua;Mepuagiua;Surface water;979;9,9
Meponda;10105;Niassa Lichinga Meponda;Niassa;Lichinga;Meponda;Meponda;Surface water;773;59,4
Mepica;10204;Niassa Cuamba Mepica;Niassa;Cuamba;Mepica;Mepica;Surface water;1047;15,5
Memba;30901;Nampula Memba Memba;Nampula;Memba;Memba;Memba;Surface water;1675;10,7
Meluluca;10306;Niassa Lago Meluluca;Niassa;Lago;Meluluca;Meluluca;Surface water;803;59,7
Meluco-Sede;20801;Cabo Delgado Meluco Meluco-Sede;Cabo Delgado;Meluco;Meluco-Sede;Meluco-Sede;Surface water;33;1,5
Meloco;21304;Cabo Delgado Namuno Meloco;Cabo Delgado;Namuno;Meloco;Meloco;Surface water;120;3,5
Megaza;41304;Zambezia Morrumbala Megaza;Zambezia;Morrumbala;Megaza;Megaza;Surface water;157;3,6
Mecula-Sede;11101;Niassa Mecula Mecula-Sede;Niassa;Mecula;Mecula-Sede;Mecula-Sede;Surface water;433;22,1
Mecufi-Sede;20701;Cabo Delgado Mecufi Mecufi-Sede;Cabo Delgado;Mecufi;Mecufi-Sede;Mecufi-Sede;Surface water;210;4,9
Mecuburi-Sede;30801;Nampula Mecuburi Mecuburi;Nampula;Mecuburi;Mecuburi;Mecuburi;Surface water;1420;14,7
Meconta;30701;Nampula Meconta Meconta;Nampula;Meconta;Meconta;Meconta;Surface water;282;7,8
M'bauane;42201;Zambezia Mulevala M'bauane;Zambezia;Mulevala;M'bauane;M'bauane;Surface water;319;4,8
Mbau;20903;Cabo Delgado Mocimboa da Praia Mbau;Cabo Delgado;Mocimboa da Praia;Mbau;Mbau;Surface water;73;5,4
Mazucane;91302;Gaza Chongoene Mazucane;Gaza;Chongoene;Mazucane;NA;Surface water;0;0
Mazua;30904;Nampula Memba Mazua;Nampula;Memba;Mazua;Mazua;Surface water;1280;12,3
Mazivila;90203;Gaza Bilene Mazivila;Gaza;Bilene;Mazivila;NA;Surface water;0;0
Mazeze;20404;Cabo Delgado Chiure Mazeze;Cabo Delgado;Chiure;Mazeze;Mazeze;Surface water;1012;41,4
Mawayela;81202;Inhambane Panda Mawayela;Inhambane;Panda;Mawayela;Mawayela;Surface water;19;3,6
Mavue;91002;Gaza Massangena Mavue;Gaza;Massangena;Mavue;Mavue;Surface water;151;19
Mavonde;60704;Manica Manica Mavonde;Manica;Manica;Mavonde;Mavonde;Surface water;663;21
Mavodze;91102;Gaza Massingir Mavodze;Gaza;Massingir;Mavodze;Mavodze;Surface water;666;88,9
Mavala;20304;Cabo Delgado Balama Mavala;Cabo Delgado;Balama;Mavala;Mavala;Surface water;124;5,8
Mavago-Sede;10901;Niassa Mavago Mavago-Sede;Niassa;Mavago;Mavago-Sede;Mavago-Sede;Surface water;110;4,6
Maúa;10801;Niassa Ma.a Ma.a;Niassa;Ma.a;Ma.a;Ma.a;Surface water;958;19,3
Matsinho;61202;Manica Vanduzi Matsinho;Manica;Vanduzi;Matsinho;Matsinho;Surface water;563;16,8
Matondovela;11102;Niassa Mecula Matondovela;Niassa;Mecula;Matondovela;Matondovela;Surface water;34;23,9
Matola Rio;100202;Maputo Provincia Boane Matola Rio;Maputo Provincia;Boane;Matola Rio;Matola Rio;Surface water;49;0,5
Matola;100101;Maputo Provincia Cidade da Matola Matola Cidade;Maputo Provincia;Cidade da Matola;Matola Cidade;Matola Cidade;Surface water;3;0
Matibane;31403;Nampula Mossuril Matibane;Nampula;Mossuril;Matibane;Matibane;Surface water;141;2,7
Matchedje;11604;Niassa Sanga Matchedje;Niassa;Sanga;Matchedje;Matchedje;Surface water;5;1,8
Massingir;91101;Gaza Massingir Massingir;Gaza;Massingir;Massingir;Massingir;Surface water;211;12,5
Massinga;80901;Inhambane Massinga Massinga;Inhambane;Massinga;Massinga;Massinga;Surface water;528;2,9
Massenger;10103;Niassa Lichinga Massenger;Niassa;Lichinga;Massenger;Massenger;Surface water;354;19,9
Massangulo (Ngauma);11401;Niassa Ngauma Massangulo (Ngauma);Niassa;Ngauma;Massangulo (Ngauma);Massangulo (Ngauma);Surface water;546;9,3
Massangena;91001;Gaza Massangena Massangena;Gaza;Massangena;Massangena;Massangena;Surface water;154;12,6
Marrupa-Sede;10701;Niassa Marrupa Marrupa-Sede;Niassa;Marrupa;Marrupa-Sede;Marrupa-Sede;Surface water;1499;24,1
Marromeu;71101;Sofala Marromeu Marromeu;Sofala;Marromeu;Marromeu;Marromeu;Surface water;156;1,6
Marrangira;10702;Niassa Marrupa Marrangira;Niassa;Marrupa;Marrangira;Marrangira;Surface water;80;13
Marracuene;100501;Maputo Provincia Marracuene Marracuene;Maputo Provincia;Marracuene;Marracuene;Marracuene;Surface water;5;0
Maringue;71001;Sofala Maringue Maringue;Sofala;Maringue;Maringue;Maringue;Surface water;256;5
Marara;51501;Tete Marara Marara;Tete;Marara;Marara;Marara;Surface water;400;8,4
Maquival;40106;Zambezia Quelimane Maquival;Zambezia;Quelimane;Maquival;Maquival;Surface water;7;0,1
Mapupulo;21002;Cabo Delgado Montepuez Mapupulo;Cabo Delgado;Montepuez;Mapupulo;Mapupulo;Surface water;86;1,5
Mapulanguene;100302;Maputo Provincia Magude Mapulanguene;Maputo Provincia;Magude;Mapulanguene;Mapulanguene;Surface water;68;26,3
Mapinhane;81302;Inhambane Vilankulo Mapinhane;Inhambane;Vilankulo;Mapinhane;Mapinhane;Surface water;222;3,5
Mapai;91401;Gaza Mapai Mapai;Gaza;Mapai;Mapai;Mapai;Surface water;643;31,2
Manje;50602;Tete Chi.ta Manje;Tete;Chi.ta;Manje;Manje;Surface water;1081;14
Maniamba;10304;Niassa Lago Maniamba;Niassa;Lago;Maniamba;Maniamba;Surface water;339;10,7
Manhica-Sede;100401;Maputo Provincia Manhi.a Manhica-Sede;Maputo Provincia;Manhi.a;Manhica-Sede;Manhica-Sede;Surface water;8;0,1
Mandlakazi-Sede;90901;Gaza Mandlakazi Mandlakazi-Sede;Gaza;Mandlakazi;Mandlakazi-Sede;NA;Surface water;0;0
Mandie;60402;Manica Guro Mandie;Manica;Guro;Mandie;Mandie;Surface water;1106;51,9
Maluana;100404;Maputo Provincia Manhi.a Maluana;Maputo Provincia;Manhi.a;Maluana;Maluana;Surface water;1;0
Malowera;50903;Tete Mar.via Malowera;Tete;Mar.via;Malowera;Malowera;Surface water;2416;37,2
Malingapansi;71103;Sofala Marromeu Malingapansi;Sofala;Marromeu;Malingapansi;Malingapansi;Surface water;11;1,8
Malema/Canhunha;30601;Nampula Malema Malema/Canhunha;Nampula;Malema;Malema/Canhunha;Malema/Canhunha;Surface water;4863;38,1
Malehice;90306;Gaza Chibuto Malehice;Gaza;Chibuto;Malehice;Malehice;Surface water;192;3,1
Malanga;10501;Niassa Majune Malanga;Niassa;Majune;Malanga;Malanga;Surface water;273;8,5
Majaua;41002;Zambezia Milange Majaua;Zambezia;Milange;Majaua;Majaua;Surface water;976;11,8
Maiaca;10802;Niassa Ma.a Maiaca;Niassa;Ma.a;Maiaca;Maiaca;Surface water;518;27,2
Mahel;100304;Maputo Provincia Magude Mahel;Maputo Provincia;Magude;Mahel;Mahel;Surface water;143;43,9
Mahate;21703;Cabo Delgado Quissanga Mahate;Cabo Delgado;Quissanga;Mahate;Mahate;Surface water;273;11,2
Magude-Sede;100301;Maputo Provincia Magude Magude-Sede;Maputo Provincia;Magude;Magude-Sede;Magude-Sede;Surface water;740;17,1
Maganja da Costa-Sede;40901;Zambezia Maganja da Costa Maganja da Costa-Sede;Zambezia;Maganja da Costa;Maganja da Costa-Sede;Maganja da Costa-Sede;Surface water;508;5,5
Mafambisse;70702;Sofala Dondo Mafambisse;Sofala;Dondo;Mafambisse;Mafambisse;Surface water;74;1
Macuse;41402;Zambezia Namacurra Macuse;Zambezia;Namacurra;Macuse;Macuse;Surface water;88;1
Macuane;90206;Gaza Bilene Macuane;Gaza;Bilene;Macuane;Macuane;Surface water;25;3,5
Macuacua;90905;Gaza Mandlakazi Macuacua;Gaza;Mandlakazi;Macuacua;NA;Surface water;0;0
Macossa-Sede;60601;Manica Macossa Macossa-Sede;Manica;Macossa;Macossa-Sede;Macossa-Sede;Surface water;642;36,2
Macone-Sede;31201;Nampula Moma Macone-Sede;Nampula;Moma;Macone-Sede;Macone-Sede;Surface water;405;1,9
Macomia-Sede;20601;Cabo Delgado Macomia Macomia-Sede;Cabo Delgado;Macomia;Macomia-Sede;Macomia-Sede;Surface water;389;8,9
Machubo;100502;Maputo Provincia Marracuene Machubo;Maputo Provincia;Marracuene;Machubo;NA;Surface water;0;0
Machoca;21303;Cabo Delgado Namuno Machoca;Cabo Delgado;Namuno;Machoca;Machoca;Surface water;348;10,6
Machipanda;60702;Manica Manica Machipanda;Manica;Manica;Machipanda;Machipanda;Surface water;95;1,8
Machindo;41801;Zambezia Derre Machindo;Zambezia;Derre;Machindo;Machindo;Surface water;1161;13,1
Machava;100103;Maputo Provincia Cidade da Matola Machava;Maputo Provincia;Cidade da Matola;Machava;Machava;Surface water;25;0,1
Machangulo;100604;Maputo Provincia Matutuine Machangulo;Maputo Provincia;Matutuine;Machangulo;Machangulo;Surface water;34;8
Machanga;70901;Sofala Machanga Machanga;Sofala;Machanga;Machanga;Machanga;Surface water;493;16,2
Machaila;91402;Gaza Mapai Machaila;Gaza;Mapai;Machaila;Machaila;Surface water;521;68,5
Macate-Sede;61101;Manica Macate Macate-Sede;Manica;Macate;Macate-Sede;Macate-Sede;Surface water;974;15,8
Macarretane;90603;Gaza Chokwe Macarretane;Gaza;Chokwe;Macarretane;Macarretane;Surface water;324;9,3
Macaloge;11603;Niassa Sanga Macaloge;Niassa;Sanga;Macaloge;Macaloge;Surface water;60;4,4
Mabote;80801;Inhambane Mabote Mabote;Inhambane;Mabote;Mabote;Mabote;Surface water;144;5,5
Mabalane;90801;Gaza Mabalane Mabalane;Gaza;Mabalane;Mabalane;Mabalane;Surface water;626;39,4
Lussimbesse;11602;Niassa Sanga Lussimbesse;Niassa;Sanga;Lussimbesse;Lussimbesse;Surface water;100;3,1
Lussanhando;10106;Niassa Lichinga Lussanhando;Niassa;Lichinga;Lussanhando;Lussanhando;Surface water;210;8,7
Lúrio;10203;Niassa Cuamba L.rio;Niassa;Cuamba;L.rio;L.rio;Surface water;1056;34,4
Lurio;30903;Nampula Memba Lurio;Nampula;Memba;Lurio;Lurio;Surface water;562;22,7
Lunho;10305;Niassa Lago Lunho;Niassa;Lago;Lunho;Lunho;Surface water;384;19,6
Lunga;31402;Nampula Mossuril Lunga;Nampula;Mossuril;Lunga;Lunga;Surface water;218;5,2
Lumbo;30402;Nampula Ilha de Mocambique Lumbo;Nampula;Ilha de Mocambique;Lumbo;Lumbo;Surface water;79;1,4
Lulimile;10104;Niassa Lichinga Lulimile;Niassa;Lichinga;Lulimile;Lulimile;Surface water;100;2,5
Lugela-sede;40801;Zambezia Lugela Lugela-sede;Zambezia;Lugela;Lugela-sede;Lugela-sede;Surface water;324;5,2
Luenha;50401;Tete Changara Luenha;Tete;Changara;Luenha;Luenha;Surface water;1005;20,3
Liupo;32301;Nampula Liupo Liupo;Nampula;Liupo;Liupo;Liupo;Surface water;121;3,1
Lissiete;10601;Niassa Mandimba Lissiete;Niassa;Mandimba;Lissiete;Lissiete;Surface water;2479;15,7
Lione;10402;Niassa Chimbunila Lione;Niassa;Chimbunila;Lione;Lione;Surface water;505;21,3
Lionde;90602;Gaza Chokwe Lionde;Gaza;Chokwe;Lionde;Lionde;Surface water;263;5,5
Lioma;40502;Zambezia Gurue Lioma;Zambezia;Gurue;Lioma;Lioma;Surface water;3557;26,6
Larde;32201;Nampula Larde Larde;Nampula;Larde;Larde;Larde;Surface water;96;1,7
Lalaua-Sede;30501;Nampula Lalaua Lalaua--Sede;Nampula;Lalaua;Lalaua--Sede;Lalaua--Sede;Surface water;416;26,4
Kwekwe;20303;Cabo Delgado Balama Kwekwe;Cabo Delgado;Balama;Kwekwe;Kwekwe;Surface water;188;5,8
Kazula;50601;Tete Chi.ta Kazula;Tete;Chi.ta;Kazula;Kazula;Surface water;725;29,9
Katapua;20403;Cabo Delgado Chiure Katapua;Cabo Delgado;Chiure;Katapua;Katapua;Surface water;45;1,7
Kambulatsitsi;51002;Tete Moatize Kambulatsitsi;Tete;Moatize;Kambulatsitsi;Kambulatsitsi;Surface water;312;7
Jangamo;80701;Inhambane Jangamo Jangamo;Inhambane;Jangamo;Jangamo;Jangamo;Surface water;365;7,7
Ituculo;31302;Nampula Monapo Ituculo;Nampula;Monapo;Ituculo;Ituculo;Surface water;342;3,9
Itepela;11402;Niassa Ngauma Itepela;Niassa;Ngauma;Itepela;Itepela;Surface water;200;9,7
Intete;31902;Nampula Nacaroa Intete;Nampula;Nacaroa;Intete;Intete;Surface water;612;12,8
Insaca;11001;Niassa Mecanhelas Insaca;Niassa;Mecanhelas;Insaca;Insaca;Surface water;2804;12,4
Inhassoro;80601;Inhambane Inhassoro Inhassoro;Inhambane;Inhassoro;Inhassoro;Inhassoro;Surface water;65;1,2
Inharrime-Sede;80501;Inhambane Inharrime Inharrime-Sede;Inhambane;Inharrime;Inharrime-Sede;Inharrime-Sede;Surface water;382;4,3
Inhangoma;51104;Tete Mutarara Inhangoma;Tete;Mutarara;Inhangoma;Inhangoma;Surface water;229;3,4
Inhamitanga;70502;Sofala Cheringoma Inhamitanga;Sofala;Cheringoma;Inhamitanga;Inhamitanga;Surface water;230;15,2
Inhamissa;90102;Gaza Xai-Xai Inhamissa;Gaza;Xai-Xai;Inhamissa;NA;Surface water;0;0
Inhaminga;70501;Sofala Cheringoma Inhaminga;Sofala;Cheringoma;Inhaminga;Inhaminga;Surface water;486;11,4
Infulene;100102;Maputo Provincia Cidade da Matola Infulene;Maputo Provincia;Cidade da Matola;Infulene;NA;Surface water;0;0
Inchope;60304;Manica Gondola Inchope;Manica;Gondola;Inchope;Inchope;Surface water;1399;26,2
Incaia;90202;Gaza Bilene Chissano;Gaza;Bilene;Chissano;NA;Surface water;0;0
Impire;20302;Cabo Delgado Balama Impire;Cabo Delgado;Balama;Impire;Impire;Surface water;206;7,3
Imbuho;21103;Cabo Delgado Mueda Imbuho;Cabo Delgado;Mueda;Imbuho;Imbuho;Surface water;65;9,3
Imala;31502;Nampula Muecate Imala;Nampula;Muecate;Imala;Imala;Surface water;930;16,5
Ilute;31103;Nampula Mogovolas Ilute;Nampula;Mogovolas;Ilute;Ilute;Surface water;558;6,7
Ilha Josina Machel;100403;Maputo Provincia Manhi.a Ilha Josina Machel;Maputo Provincia;Manhi.a;Ilha Josina Machel;NA;Surface water;0;0
Ilha de Mocambique;30401;Nampula Ilha de Mocambique Ilha de Mocambique;Nampula;Ilha de Mocambique;Ilha de Mocambique;NA;Surface water;0;0
Ile;40601;Zambezia Ile Ile;Zambezia;Ile;Ile;Ile;Surface water;720;4,9
Ibo-Sede;20501;Cabo Delgado Ibo Ibo-Sede;Cabo Delgado;Ibo;Ibo-Sede;NA;Surface water;0;0
Iapala;32103;Nampula Rib.u. Iapala;Nampula;Rib.u.;Iapala;Iapala;Surface water;2953;25,2
Hucula;21302;Cabo Delgado Namuno Hucula;Cabo Delgado;Namuno;Hucula;Hucula;Surface water;333;19
Homoine-Sede;80401;Inhambane Homoine Homoine-sede;Inhambane;Homoine;Homoine-sede;Homoine-sede;Surface water;100;9,6
Guro-Sede;60401;Manica Guro Guro-Sede;Manica;Guro;Guro-Sede;Guro-Sede;Surface water;402;9,4
Guerissa;41802;Zambezia Derre Guerissa;Zambezia;Derre;Guerissa;Guerissa;Surface water;433;20,8
Gorongosa;70801;Sofala Gorongosa Gorongosa;Sofala;Gorongosa;Gorongosa;Gorongosa;Surface water;796;9,1
Goonda;70602;Sofala Chibabava Goonda;Sofala;Chibabava;Goonda;Goonda;Surface water;1873;49,3
Gonhane;40702;Zambezia Inhassunge Gonhane;Zambezia;Inhassunge;Gonhane;NA;Surface water;0;0
Gondola;60301;Manica Gondola Gondola;Manica;Gondola;Gondola;NA;Surface water;0;0
Godide;90305;Gaza Chibuto Godide;Gaza;Chibuto;Godide;Godide;Surface water;2;0,1
Gile;40401;Zambezia Gile Gile;Zambezia;Gile;Gile;Gile;Surface water;1123;8,7
Galinha;71202;Sofala Muanza Galinha;Sofala;Muanza;Galinha;Galinha;Surface water;326;10,3
Furancungo;50701;Tete Macanga Furancungo;Tete;Macanga;Furancungo;Furancungo;Surface water;1259;12,1
Funhalouro;80201;Inhambane Funhalouro Funhalouro;Inhambane;Funhalouro;Funhalouro;Funhalouro;Surface water;632;20,8
Fíngoe;50902;Tete Mar.via Fingo.;Tete;Mar.via;Fingo.;Fingo.;Surface water;747;22,2
Etatara;10202;Niassa Cuamba Etatara;Niassa;Cuamba;Etatara;Etatara;Surface water;661;23,6
Estaquinha;70202;Sofala Buzi Estaquinha;Sofala;Buzi;Estaquinha;Estaquinha;Surface water;554;13,2
Espungabera;60801;Manica Mossurize Espungabera;Manica;Mossurize;Espungabera;Espungabera;Surface water;233;7,4
Eduardo Mondlane;90401;Gaza Chicualacuala Eduardo Mondlane;Gaza;Chicualacuala;Eduardo Mondlane;Eduardo Mondlane;Surface water;534;26,9
Dómue;50202;Tete Ang.nia Domue;Tete;Ang.nia;Domue;Domue;Surface water;2749;10,9
Dombe;60902;Manica Sussundenga Dombe;Manica;Sussundenga;Dombe;Dombe;Surface water;2327;42,4
Dôa;51401;Tete Doa Doa;Tete;Doa;Doa;Doa;Surface water;371;7,2
Divinhe;70902;Sofala Machanga Divinhe;Sofala;Machanga;Divinhe;Divinhe;Surface water;248;15,6
Diaca;20902;Cabo Delgado Mocimboa da Praia Diaca;Cabo Delgado;Mocimboa da Praia;Diaca;Diaca;Surface water;335;14,2
Dacata;60803;Manica Mossurize Dacata;Manica;Mossurize;Dacata;Dacata;Surface water;2786;25
Cunle;32102;Nampula Rib.u. Cunle;Nampula;Rib.u.;Cunle;Cunle;Surface water;781;31,3
Cumbana;80702;Inhambane Jangamo Cumbana;Inhambane;Jangamo;Cumbana;Cumbana;Surface water;49;0,9
Covo;31802;Nampula Nacala-A-Velha Covo;Nampula;Nacala-A-Velha;Covo;Covo;Surface water;314;11,4
Corromana;42102;Zambezia Molumbo Corromana;Zambezia;Molumbo;Corromana;Corromana;Surface water;1872;11,9
Corrane;30702;Nampula Meconta Corrane;Nampula;Meconta;Corrane;Corrane;Surface water;374;4,9
Combomune;90802;Gaza Mabalane Combomune;Gaza;Mabalane;Combomune;Combomune;Surface water;437;39,4
Cóbue;10302;Niassa Lago C.bue;Niassa;Lago;C.bue;C.bue;Surface water;1434;55,3
Cidade de Mocuba;41101;Zambezia Mocuba Cidade de Mocuba;Zambezia;Mocuba;Cidade de Mocuba;Cidade de Mocuba;Surface water;2861;13,4
Cidade de Gurue;40501;Zambezia Gurue Cidade de Gurue;Zambezia;Gurue;Cidade de Gurue;Cidade de Gurue;Surface water;1375;7,6
Cidade de Dondo;70701;Sofala Dondo Cidade de Dondo;Sofala;Dondo;Cidade de Dondo;Cidade de Dondo;Surface water;1;0
Cidade de Cuamba;10201;Niassa Cuamba Cidade de Cuamba;Niassa;Cuamba;Cidade de Cuamba;Cidade de Cuamba;Surface water;359;4
Cidade de Chibuto;90301;Gaza Chibuto Cidade de Chibuto;Gaza;Chibuto;Cidade de Chibuto;Cidade de Chibuto;Surface water;226;3,3
Cidade de Angoche;30201;Nampula Angoche Cidade De Angoche;Nampula;Angoche;Cidade De Angoche;Cidade De Angoche;Surface water;40;0,5
Cidade  de Chokwe;90601;Gaza Chokwe Cidade  de Chokwe;Gaza;Chokwe;Cidade  de Chokwe;Cidade  de Chokwe;Surface water;67;1
Chupanga;71102;Sofala Marromeu Chupanga;Sofala;Marromeu;Chupanga;Chupanga;Surface water;423;8,6
Chueza;51402;Tete Doa Chueza;Tete;Doa;Chueza;Chueza;Surface water;494;13,8
Chongoene;91301;Gaza Chongoene Chongoene;Gaza;Chongoene;Chongoene;Chongoene;Surface water;218;2,3
Choa;60202;Manica Barue Choa;Manica;Barue;Choa;Choa;Surface water;923;67,3
Chivonguene;90702;Gaza Guija Chivonguene;Gaza;Guija;Chivonguene;Chivonguene;Surface water;35;1
Chiuta;11002;Niassa Mecanhelas Chiuta;Niassa;Mecanhelas;Chiuta;Chiuta;Surface water;633;14,8
Chiure-Sede;20401;Cabo Delgado Chiure Chiure-Sede;Cabo Delgado;Chiure;Chiure-Sede;Chiure-Sede;Surface water;586;5,2
Chiure Velho;20402;Cabo Delgado Chiure Chiure Velho;Cabo Delgado;Chiure;Chiure Velho;Chiure Velho;Surface water;424;11,1
Chiurairue;60802;Manica Mossurize Chiurairue;Manica;Mossurize;Chiurairue;Chiurairue;Surface water;1027;16,8
Chiuaula;10102;Niassa Lichinga Chiuaula;Niassa;Lichinga;Chiuaula;Chiuaula;Surface water;6;0,1
Chitunda;21202;Cabo Delgado Muidumbe Chitunda;Cabo Delgado;Muidumbe;Chitunda;Chitunda;Surface water;206;7
Chitobe;60501;Manica Machaze Chitobe;Manica;Machaze;Chitobe;Chitobe;Surface water;4293;45,6
Chitima;50303;Tete Cahora-Bassa Chitima;Tete;Cahora-Bassa;Chitima;Chitima;Surface water;1209;15,9
Chissano;91202;Gaza Limpopo Chissano;Gaza;Limpopo;Chissano;Chissano;Surface water;13;0,4
Chire;41302;Zambezia Morrumbala Chire;Zambezia;Morrumbala;Chire;Chire;Surface water;3670;31,8
Chiramba;70402;Sofala Chemba Chiramba;Sofala;Chemba;Chiramba;Chiramba;Surface water;392;18
Chiraco;42202;Zambezia Mulevala Chiraco;Zambezia;Mulevala;Chiraco;Chiraco;Surface water;167;4,3
Chiputo;50901;Tete Mar.via Chiputo;Tete;Mar.via;Chiputo;Chiputo;Surface water;372;27,5
Chipera;50904;Tete Mar.via Chipera;Tete;Mar.via;Chipera;Chipera;Surface water;369;25,6
Chipene;30902;Nampula Memba Chipene;Nampula;Memba;Chipene;Chipene;Surface water;666;15,8
Chioco;50402;Tete Changara Chioco;Tete;Changara;Chioco;Chioco;Surface water;1108;15,3
Chinthopo;50802;Tete Magoe Chinthopo;Tete;Magoe;Chinthopo;Chinthopo;Surface water;1243;40,7
Chintholo;50302;Tete Cahora-Bassa Chintholo;Tete;Cahora-Bassa;Chintholo;Chintholo;Surface water;26;5
Chinga;31602;Nampula Murrupula Chinga;Nampula;Murrupula;Chinga;Chinga;Surface water;489;31,9
Chinde-Sede;40301;Zambezia Chinde Chinde-Sede;Zambezia;Chinde;Chinde-Sede;Chinde-Sede;Surface water;451;8,7
Chimbunila;10401;Niassa Chimbunila Chimbunila;Niassa;Chimbunila;Chimbunila;Chimbunila;Surface water;448;9,2
Chimbadzo;41902;Zambezia Luabo Chimbadzo;Zambezia;Luabo;Chimbadzo;Chimbadzo;Surface water;611;23,4
Chilulo;30602;Nampula Malema Chilulo;Nampula;Malema;Chilulo;Chilulo;Surface water;1054;54,9
Chiloane;70903;Sofala Machanga Chiloane;Sofala;Machanga;Chiloane;Chiloane;Surface water;1;0,1
Chigubo-Sede;90501;Gaza Chigubo Chigubo-Sede;Gaza;Chigubo;Chigubo-Sede;Chigubo-Sede;Surface water;285;71,2
Chifunde;50501;Tete Chifunde Chifunde;Tete;Chifunde;Chifunde;Chifunde;Surface water;143;10,9
Chidzolomondo;50702;Tete Macanga Chidzolomondo;Tete;Macanga;Chidzolomondo;Chidzolomondo;Surface water;613;11,2
Chidenguele;90904;Gaza Mandlakazi Chidenguele;Gaza;Mandlakazi;Chidenguele;Chidenguele;Surface water;171;3
Chicumbane;91201;Gaza Limpopo Chicumbane;Gaza;Limpopo;Chicumbane;Chicumbane;Surface water;260;2,7
Chiconono;11302;Niassa Muembe Chiconono;Niassa;Muembe;Chiconono;Chiconono;Surface water;29;2,2
Chicomo;80902;Inhambane Massinga Chicomo;Inhambane;Massinga;Chicomo;Chicomo;Surface water;291;5,3
Chibondzane;90903;Gaza Mandlakazi Chibondzane;Gaza;Mandlakazi;Chibondzane;NA;Surface water;0;0
Chibabava;70601;Sofala Chibabava Chibabava;Sofala;Chibabava;Chibabava;Chibabava;Surface water;747;48,7
Chemba;70401;Sofala Chemba Chemba;Sofala;Chemba;Chemba;Chemba;Surface water;355;12,6
Charre;51102;Tete Mutarara Chare;Tete;Mutarara;Chare;Chare;Surface water;681;16
Changanine;90304;Gaza Chibuto Changanine;Gaza;Chibuto;Changanine;Changanine;Surface water;483;41,5
Changalane;100802;Maputo Provincia Namaacha Changalane;Maputo Provincia;Namaacha;Changalane;Changalane;Surface water;193;12,1
Chalaua;31202;Nampula Moma Chalaua;Nampula;Moma;Chalaua;Chalaua;Surface water;977;8,5
Chalala;90902;Gaza Mandlakazi Chalala;Gaza;Mandlakazi;Chalala;Chalala;Surface water;1;0,1
Chai;20602;Cabo Delgado Macomia Chai;Cabo Delgado;Macomia;Chai;Chai;Surface water;165;8,2
Catuane;100603;Maputo Provincia Matutuine Catuane;Maputo Provincia;Matutuine;Catuane;Catuane;Surface water;209;32,2
Catembe M'Sime;100602;Maputo Provincia Matutuine Catembe M'Sime;Maputo Provincia;Matutuine;Catembe M'Sime;Catembe M'Sime;Surface water;42;5,6
Catandica;60201;Manica Barue Catandica;Manica;Barue;Catandica;Catandica;Surface water;1829;15
Canxixe;71002;Sofala Maringue Canxixe;Sofala;Maringue;Canxixe;Canxixe;Surface water;146;5,7
Canda;70802;Sofala Gorongosa Canda;Sofala;Gorongosa;Canda;Canda;Surface water;1628;39,7
Campo;41202;Zambezia Mopeia Campo;Zambezia;Mopeia;Campo;Campo;Surface water;640;11,2
Calipo;31102;Nampula Mogovolas Calipo;Nampula;Mogovolas;Calipo;Calipo;Surface water;550;9
Calanga;100402;Maputo Provincia Manhi.a Calanga;Maputo Provincia;Manhi.a;Calanga;Calanga;Surface water;51;5,6
Caia-Sede;70301;Sofala Caia Caia-Sede;Sofala;Caia;Caia-Sede;Caia-Sede;Surface water;109;1,3
Cafumpe;60303;Manica Gondola Cafumpe;Manica;Gondola;Cafumpe;Cafumpe;Surface water;653;16,3
Buzua;61002;Manica Tambara Buzua;Manica;Tambara;Buzua;Buzua;Surface water;130;10,5
Buzi;70201;Sofala Buzi Buzi;Sofala;Buzi;Buzi;Buzi;Surface water;1539;14,4
Boila-Nametoria;30204;Nampula Angoche Boila-Nametoria;Nampula;Angoche;Boila-Nametoria;Boila-Nametoria;Surface water;15;0,5
Boane-Sede;100201;Maputo Provincia Boane Boane-Sede;Maputo Provincia;Boane;Boane-Sede;Boane-Sede;Surface water;328;3,1
Bilibiza;21702;Cabo Delgado Quissanga Bilibiza;Cabo Delgado;Quissanga;Bilibiza;Bilibiza;Surface water;675;35,2
Bela Vista;100601;Maputo Provincia Matutuine Bela Vista;Maputo Provincia;Matutuine;Bela Vista;Bela Vista;Surface water;290;18,5
Bazaruto;80602;Inhambane Inhassoro Bazaruto;Inhambane;Inhassoro;Bazaruto;Bazaruto;Surface water;11;3,2
Barragem;31803;Nampula Nacala-A-Velha Barragem;Nampula;Nacala-A-Velha;Barragem;Barragem;Surface water;369;10
Balama-Sede;20301;Cabo Delgado Balama Balama-Sede;Cabo Delgado;Balama;Balama-Sede;Balama-Sede;Surface water;157;1,7
Bajone;42002;Zambezia Mocubela Bajone;Zambezia;Mocubela;Bajone;Bajone;Surface water;383;4,6
Aube;30202;Nampula Angoche Boila Nametoria;Nampula;Angoche;Boila Nametoria;Boila Nametoria;Surface water;316;4,8
Ancuabe-Sede;20201;Cabo Delgado Ancuabe Ancuabe-Sede;Cabo Delgado;Ancuabe;Ancuabe-Sede;Ancuabe-Sede;Surface water;121;2
Anchilo;30107;Nampula Nampula Anchilo;Nampula;Nampula;Anchilo;Anchilo;Surface water;619;10,2
Amatongas;60302;Manica Gondola Amatongas;Manica;Gondola;Amatongas;Amatongas;Surface water;594;13,3
Alua;30302;Nampula Erati Alua;Nampula;Erati;Alua;Alua;Surface water;1774;13,1
Alto Molocue;40201;Zambezia Alto Molocue Alto Molocue;Zambezia;Alto Molocue;Alto Molocue;Alto Molocue;Surface water;3390;13,5
Alto Ligonha;40402;Zambezia Gile Alto Ligonha;Zambezia;Gile;Alto Ligonha;Alto Ligonha;Surface water;1231;14,7
Alto Changane;90302;Gaza Chibuto Alto Changane;Gaza;Chibuto;Alto Changane;Alto Changane;Surface water;1024;48,1
7 De Abril;30704;Nampula Meconta 7 De Abril;Nampula;Meconta;7 De Abril;7 De Abril;Surface water;357;9,5
3 de Fevereiro;100406;Maputo Provincia Manhi.a 3 de Fevereiro;Maputo Provincia;Manhi.a;3 de Fevereiro;3 de Fevereiro;Surface water;8;0,2
NA_KEY_1;NA_KEY_1;Inhambane Cidade de Inhambane Nao Aplocavel;Inhambane;Cidade de Inhambane;Nao Aplocavel;NA;Surface water;0;0
NA_KEY_2;NA_KEY_2;Inhambane Cidade de Maxixe Nao Aplicavel;Inhambane;Cidade de Maxixe;Nao Aplicavel;Nao Aplicavel;Surface water;25;0,2
NA_KEY_3;NA_KEY_3;Inhambane Homoine Homoine --Sede;Inhambane;Homoine;Homoine --Sede;Homoine --Sede;Surface water;300;5,2
NA_KEY_4;NA_KEY_4;Inhambane Homoine Homoine-Sede;Inhambane;Homoine;Homoine-Sede;Homoine-Sede;Surface water;146;5
NA_KEY_5;NA_KEY_5;Manica Sussundenga Sussundenga;Manica;Sussundenga;Sussundenga;Sussundenga;Surface water;239;14,8
NA_KEY_6;NA_KEY_6;Maputo Cidade Ka Mavota Nao Aplicavel;Maputo Cidade;Ka Mavota;Nao Aplicavel;NA;Surface water;0;0
NA_KEY_7;NA_KEY_7;Nampula Erati Namapa-Sede;Nampula;Erati;Namapa-Sede;Namapa-Sede;Surface water;249;6,5
NA_KEY_8;NA_KEY_8;Nampula Lalaua Lalaua;Nampula;Lalaua;Lalaua;Lalaua;Surface water;1388;20,5
NA_KEY_9;NA_KEY_9;Nampula Mogovolas Nametil-Sede;Nampula;Mogovolas;Nametil-Sede;Nametil-Sede;Surface water;205;5,4
NA_KEY_10;NA_KEY_10;Nampula Mogovolas Namitil-Sede;Nampula;Mogovolas;Namitil-Sede;Namitil-Sede;Surface water;620;8
NA_KEY_11;NA_KEY_11;Nampula Muecate Muecate;Nampula;Muecate;Muecate;Muecate;Surface water;168;4,1
NA_KEY_12;NA_KEY_12;Nampula Nampula Namikopo;Nampula;Nampula;Namikopo;Namikopo;Surface water;141;9,6
NA_KEY_13;NA_KEY_13;Niassa Ngauma Ngauma;Niassa;Ngauma;Ngauma;Ngauma;Surface water;99;6
NA_KEY_14;NA_KEY_14;Zambezia Namacurra Malei;Zambezia;Namacurra;Malei;Malei;Surface water;56;2,6
NA_KEY_15;NA_KEY_15;Zambezia Nicoadala Munhonha;Zambezia;Nicoadala;Munhonha;Munhonha;Surface water;53;0,9
NA_KEY_16;NA_KEY_16;Zambezia Nicoadala Namacata;Zambezia;Nicoadala;Namacata;Namacata;Surface water;74;2,1
